"WILAYA","Baladia","latitude","longitude"
"Adrar","Adrar","26.4888155","-1.3582442"
"Adrar","Akabli","26.7133917","1.3691963"
"Adrar","Aoulef","26.9722077","1.0786817"
"Adrar","Bouda","28.010002","-0.426797"
"Adrar","Fenoughil","27.6060965","-0.3021104"
"Adrar","In Zghmir","27.037171","-0.0870205"
"Adrar","Ouled Ahmed Tammi","27.8510411","-0.2812795"
"Adrar","Reggane","26.7207267","0.1751507"
"Adrar","Sali","26.9612527","-0.0251553"
"Adrar","Sebaa","28.2150178","-0.173775"
"Adrar","Tamantit","27.7613334","-0.2657533"
"Adrar","Tamast","27.4237416","-0.2457959"
"Adrar","Tamekten","27.0214579","1.0140877"
"Adrar","Tit","26.9383021","1.4910197"
"Adrar","Tsabit","28.3509683","-0.2161001"
"Adrar","Zaouiet Kounta","27.2300419","-0.1933113"
"Chlef","Abou El Hassen","36.4145938","1.1938241"
"Chlef","Ain Merane","36.175626","0.9723668"
"Chlef","Benairia","36.3536104","1.3750249"
"Chlef","Beni Bouattab","35.9938404","1.6204418"
"Chlef","Beni Haoua","36.5304451","1.5692626"
"Chlef","Beni Rachid","36.2770909","1.5235217"
"Chlef","Boukadir","36.0650746","1.1278681"
"Chlef","Bouzeghaia","36.3389979","1.2380612"
"Chlef","Breira","36.4488016","1.6150342"
"Chlef","Chettia","36.1929178","1.2491044"
"Chlef","Chlef","36.20342","1.2680696"
"Chlef","Dahra","36.2545642","0.8518821"
"Chlef","El Hadjadj","36.0154871","1.3771856"
"Chlef","El Karimia","36.1121742","1.5534446"
"Chlef","El Marsa","36.8091281","3.2546039"
"Chlef","Harchoun","36.1137919","1.5061783"
"Chlef","Harenfa","36.2458302","1.0449847"
"Chlef","Labiodh Medjadja","36.2507309","1.3919112"
"Chlef","Moussadek","36.3536152","1.0084373"
"Chlef","Oued Fodda","36.185966","1.5347489"
"Chlef","Oued Ghoussine","36.5242926","1.4971862"
"Chlef","Oued Sly","36.101565","1.1995738"
"Chlef","Ouled Abbes","35.9138097","5.742386"
"Chlef","Ouled Ben Abdelkader","36.0238897","1.2761855"
"Chlef","Ouled Fares","36.2303457","1.2084133"
"Chlef","Oum Drou","36.1966757","1.3913824"
"Chlef","Sendjas","36.0628381","1.4006069"
"Chlef","Sidi Abderrahmane","36.4929744","1.0940415"
"Chlef","Sidi Akkacha","36.4649578","1.3052519"
"Chlef","Sobha","36.1069315","1.1095344"
"Chlef","Tadjena","36.3233197","1.1387118"
"Chlef","Talassa","36.4257717","1.0936225"
"Chlef","Taougrite","36.2472325","0.9222293"
"Chlef","Tenes","36.5080818","1.3078072"
"Chlef","Zeboudja","36.3540252","1.4302999"
"Laghouat","Aflou","34.11252","2.10029"
"Laghouat","Aïn Madhi","33.797062","2.3059156"
"Laghouat","Ain Sidi Ali","34.2801571","1.8993582"
"Laghouat","Beidha","34.4735384","2.1757086"
"Laghouat","Bennasser Benchohra","33.7562321","3.0047796"
"Laghouat","Brida","33.906785","1.7837801"
"Laghouat","El Assafia","33.8249827","2.9897169"
"Laghouat","El Ghicha","33.9288065","2.1446052"
"Laghouat","El Houita","36.7108134","5.5426934"
"Laghouat","Gueltat Sidi Saad","34.2974095","1.9474932"
"Laghouat","Hadj Mechri","33.9610258","1.6014007"
"Laghouat","Hassi Delaa","33.4165651","3.5518967"
"Laghouat","Hassi R'Mel","32.9500313","3.273521"
"Laghouat","Kheneg","33.7447402","2.7911348"
"Laghouat","Ksar El Hirane","33.787475","3.1406529"
"Laghouat","Laghouat","33.7504405","2.6431094"
"Laghouat","Oued Morra","34.0520191","2.3764371"
"Laghouat","Wadi M'zi","33.9208548","2.4348727"
"Laghouat","Sebgag","34.0295796","1.9269747"
"Laghouat","Sidi Bouzid","34.3431406","2.2617789"
"Laghouat","Sidi Makhlouf","36.1163792","4.5165132"
"Laghouat","Tadjemout","33.8796356","2.5246794"
"Laghouat","Tadjrouna","33.5054035","2.1053512"
"Laghouat","Taouila","33.8703247","1.8560849"
"Oum El Bouaghi","Aïn Babouche","35.9422315","7.1874854"
"Oum El Bouaghi","Aïn Beïda","35.7952839","7.3894346"
"Oum El Bouaghi","Aïn Diss","36.0336543","7.0024975"
"Oum El Bouaghi","Aïn Fakroun","35.9735846","6.8759954"
"Oum El Bouaghi","Aïn Kercha","35.9233662","6.7022898"
"Oum El Bouaghi","Ain M'lila","36.0375444","6.570986"
"Oum El Bouaghi","Aïn Zitoun","35.6841828","6.9357762"
"Oum El Bouaghi","Behir Chergui","35.7943152","7.7187909"
"Oum El Bouaghi","Berriche","35.917798","7.3769813"
"Oum El Bouaghi","Bir Chouhada","35.895447","6.2933546"
"Oum El Bouaghi","Dhalaa","35.460285","7.5500058"
"Oum El Bouaghi","El Amiria","36.0718842","6.905992"
"Oum El Bouaghi","El Belala","35.6647855","7.7889827"
"Oum El Bouaghi","El Djazia","35.6631119","7.5081446"
"Oum El Bouaghi","El Fedjoudj Boughrara Saoudi","35.7103668","6.8193521"
"Oum El Bouaghi","F'Kirina","35.6608817","7.2972243"
"Oum El Bouaghi","Hanchir Toumghani","35.9346179","6.7412657"
"Oum El Bouaghi","Ksar Sbahi","36.0614655","7.2530315"
"Oum El Bouaghi","Meskiana","35.6291407","7.6694143"
"Oum El Bouaghi","Oued Nini","35.5721271","7.3490145"
"Oum El Bouaghi","Ouled Gacem","35.9267541","5.6016226"
"Oum El Bouaghi","Ouled Hamla","36.0795998","6.4720919"
"Oum El Bouaghi","Ouled Zouai","35.8402214","6.5114278"
"Oum El Bouaghi","Oum El Bouaghi","35.8105805","7.0184178"
"Oum El Bouaghi","El Rahia","35.7636048","7.6447871"
"Oum El Bouaghi","Sigus","36.1239401","6.7854947"
"Oum El Bouaghi","Souk Naamane","35.8953079","6.3925749"
"Oum El Bouaghi","Zorg","35.812986","7.4887122"
"Batna","Aïn Djasser","35.8596869","6.0012835"
"Batna","Aïn Touta","35.3752089","5.894213"
"Batna","Aïn Yagout","35.7761517","6.4176839"
"Batna","Arris","35.258514","6.3449818"
"Batna","Abdelkader Azil","35.3236825","5.0149826"
"Batna","Barika","35.3845042","5.3705996"
"Batna","Batna","35.3384291","5.7315453"
"Batna","Beni Foudhala El Hakania","35.3781586","6.0607501"
"Batna","Bitam","35.3077781","5.3740815"
"Batna","Boulehilet","35.7248041","6.6625594"
"Batna","Boumagueur","35.5051588","5.5525246"
"Batna","Boumia","35.6775992","6.4820804"
"Batna","Bouzina","35.2648362","6.0988647"
"Batna","Chemora","35.6670882","6.6433334"
"Batna","Chir","35.2179401","6.132079"
"Batna","Djerma","35.6623355","6.3097241"
"Batna","Djezzar","35.5082551","5.2676704"
"Batna","El Hassi","35.7804724","5.9503611"
"Batna","El Madher","35.6258746","6.3706722"
"Batna","Fesdis","35.6181167","6.2464392"
"Batna","Foum Toub","35.404396","6.5503509"
"Batna","Ghassira","35.0970768","6.2228071"
"Batna","Gosbat","35.6166217","5.4709454"
"Batna","Guigba","35.7341561","5.5896477"
"Batna","Hidoussa","35.5284609","5.9375835"
"Batna","Ichemoul","35.3095106","6.5100105"
"Batna","Inoughissen","35.3049403","6.5483876"
"Batna","Kimmel","35.2166875","6.5449007"
"Batna","Ksar Belezma","35.6762717","5.9021516"
"Batna","Larbaa","35.3545416","6.1410784"
"Batna","Lazrou","35.8073846","6.225302"
"Batna","Lemsen","35.6570774","5.7982758"
"Batna","M'Doukel","35.1216575","5.1821243"
"Batna","Maafa","35.2663121","5.9018467"
"Batna","Menaa ","35.0926941","6.013753"
"Batna","Merouana","35.6320555","5.913138"
"Batna","N'Gaous","35.5546743","5.6037832"
"Batna","Oued Chaaba","35.5051994","6.077491"
"Batna","Oued el Ma","35.116714","6.6268164"
"Batna","Oued Taga","35.4323373","6.4146079"
"Batna","Ouled Ammar","35.4622558","5.1560233"
"Batna","Ouled Aouf","35.4554535","5.7564355"
"Batna","Ouled Fadel","35.5558054","6.6785087"
"Batna","Ouled Sellam","35.8263866","5.8836213"
"Batna","Ouled Si Slimane","35.61043","5.6322042"
"Batna","Ouyoun El Assafir","35.5556005","6.3083393"
"Batna","Rahbat","35.7128568","5.6562846"
"Batna","Ras El Aioun","35.6758524","5.6515672"
"Batna","Sefiane","35.4379384","5.5597763"
"Batna","Seggana","35.3641602","5.5719001"
"Batna","Seriana","35.6925612","6.1850558"
"Batna","T'Kout","35.1403816","6.3085503"
"Batna","Talkhamt","35.6669798","5.7854012"
"Batna","Taxlent","35.6055933","5.800679"
"Batna","Tazoult","35.4860091","6.2536097"
"Batna","Teniet El Abed","35.2550676","6.2012328"
"Batna","Tighanimine","35.1853431","6.249225"
"Batna","Tigherghar","35.077372","5.9797925"
"Batna","Tilatou","35.3292158","5.7931239"
"Batna","Timgad","35.4836328","6.4668121"
"Batna","Zana El Beida","35.8098177","6.1331392"
"Bejaia","Adekar","36.6929171","4.6734299"
"Bejaia","Ait R'Zine","36.368882","4.4866713"
"Bejaia","Ait Smail","36.5536462","5.2297301"
"Bejaia","Akbou","36.4597538","4.5289243"
"Bejaia","Akfadou","36.6578395","4.6068165"
"Bejaia","Amalou","36.4774607","4.63266"
"Bejaia","Amizour","36.6439022","4.9036535"
"Bejaia","Aokas","36.6376518","5.2453122"
"Bejaia","Barbacha","36.5734726","4.9693825"
"Bejaia","Bejaia","36.7511783","5.0643687"
"Bejaia","Beni Djellil","36.5728807","4.8104334"
"Bejaia","Beni Ksila","36.881989","4.6643892"
"Bejaia","Beni Melikeche","36.4471796","4.4102266"
"Bejaia","Beni Maouche","36.487699","4.7874919"
"Bejaia","Boudjellil","36.3498654","4.4141916"
"Bejaia","Bouhamza","36.4450868","4.6855035"
"Bejaia","Boukhelifa","36.6368914","5.0749708"
"Bejaia","Chellata","36.5187102","4.495462"
"Bejaia","Chemini","36.5944018","4.6210413"
"Bejaia","Darguina","36.564307","5.3063118"
"Bejaia","Draa El Kaid","36.4401743","5.236533"
"Bejaia","Leflaye","36.6090456","4.6713413"
"Bejaia","El Kseur","36.6794351","4.8523757"
"Bejaia","Fenaia Ilmaten","36.6660742","4.7929964"
"Bejaia","Feraoun","36.5580756","4.8660488"
"Bejaia","Ouzellaguen","36.5478525","4.5766984"
"Bejaia","Ighil Ali","36.3378593","4.470196"
"Bejaia","Ighram","36.4622509","4.5042534"
"Bejaia","Kendira","36.557728","5.0215874"
"Bejaia","Kherrata","36.4936262","5.2771041"
"Bejaia","M'Cisna","36.5642493","4.7314768"
"Bejaia","Melbou","36.6403282","5.3626372"
"Bejaia","Oued Ghir","36.7145276","4.9861309"
"Bejaia","Seddouk","36.5472337","4.6894642"
"Bejaia","Sidi Ayad","36.1325114","1.9004148"
"Bejaia","Sidi Aich","36.6127914","4.6913091"
"Bejaia","Semaoun","36.6084692","4.8224282"
"Bejaia","Souk El Tenine","36.5950832","4.007301"
"Bejaia","Souk Oufella","36.6054725","4.6382952"
"Bejaia","Tala Hamza","36.7029253","5.0394177"
"Bejaia","Tamokra","36.3980867","4.6671349"
"Bejaia","Tamridjet","36.5721683","5.3746744"
"Bejaia","Taourirt Ighil","36.6995991","4.6977077"
"Bejaia","Taskriout","36.5558587","5.2799112"
"Bejaia","Tazmalt","36.3885111","4.4000106"
"Bejaia","Tibane","36.6135798","4.652601"
"Bejaia","Tichy","36.668951","5.1574875"
"Bejaia","Tifra","36.6663065","4.6974299"
"Bejaia","Timezrit","36.6155736","4.7683245"
"Bejaia","Thinabdher","36.6232839","4.6781911"
"Bejaia","Tizi N'Berbar","36.6051581","5.1983403"
"Bejaia","Toudja","36.7525317","4.8971215"
"Biskra","Ain Naga","34.6535415","6.1416099"
"Biskra","Ain Zaatout","35.146374","5.8373678"
"Biskra","Biskra","34.7845635","5.8124353"
"Biskra","Bordj Ben Azzouz","34.6957162","5.3612562"
"Biskra","Bouchagroune","34.7206559","5.4677965"
"Biskra","Branis","34.9947631","5.772251"
"Biskra","Chetma","34.8447307","5.7939424"
"Biskra","Djemourah","35.0689799","5.8448638"
"Biskra","El Feidh","34.523707","6.5240845"
"Biskra","El Ghrous","34.7054162","5.2854921"
"Biskra","El-Hadjab","36.0658033","4.7709947"
"Biskra","El Haouch","36.0774592","4.4641828"
"Biskra","El Kantara","35.2231152","5.7092844"
"Biskra","El Outaya","35.0345657","5.58955"
"Biskra","Foughala","34.7309552","5.3260042"
"Biskra","Khenguet Sidi Nadji","34.8053146","6.7059204"
"Biskra","Lichana","34.7251766","5.4356505"
"Biskra","Lioua","34.6392137","5.4009134"
"Biskra","M'Chouneche","34.9368872","5.9905011"
"Biskra","Mekhadma","34.5644591","5.4612955"
"Biskra","El mizaraa","34.7207686","6.2947449"
"Biskra","M'lili","35.4178016","-1.1790731"
"Biskra","Oumache","34.6952035","5.6991395"
"Biskra","Ourlal","34.6562915","5.5120852"
"Biskra","Sidi Okba","34.7497613","5.9107849"
"Biskra","tolga","34.73212","5.3830752"
"Biskra","Zeribet El Oued","34.6830199","6.5047333"
"Bechar","Abadla","31.0274839","-2.7104418"
"Bechar","Bechar","31.385726","-2.0115958"
"Bechar","Beni Ounif","32.0501891","-1.2486808"
"Bechar","Boukais","31.9244504","-2.4678608"
"Bechar","Erg Ferradj","31.035729","-2.7896737"
"Bechar","Kenadsa","31.5545321","-2.432661"
"Bechar","Lahmar","31.9326993","-2.2593871"
"Bechar","Mechraa Houari Boumediene","30.9320605","-2.7375766"
"Bechar","Meridja","31.5491648","-2.9473825"
"Bechar","Mougheul","32.0233478","-2.2182475"
"Bechar","Tabelbala","29.4054154","-3.2553664"
"Bechar","Taghit","30.9170611","-2.0294754"
"Blida","Aïn Romana","36.4062394","2.6913929"
"Blida","Beni Mered","36.523526","2.8616102"
"Blida","Beni Tamou","36.5374705","2.8206529"
"Blida","Benkhelil","36.5881966","2.8369666"
"Blida","Blida","36.4701645","2.8287985"
"Blida","Bouarfa","36.4638905","2.8126394"
"Blida","Boufarik","36.5755523","2.9128963"
"Blida","Bougara","35.5551256","1.963653"
"Blida","Bouinan","36.5322102","2.9918496"
"Blida","Chebli","36.5780957","3.0076619"
"Blida","Chiffa","36.4622287","2.7409097"
"Blida","Chrea","36.4304986","2.8862034"
"Blida","Djebabra","36.5830087","3.2688001"
"Blida","El Affroun","36.46975","2.6267421"
"Blida","Guerrouaou","36.5264595","2.886115"
"Blida","Hammam Melouane","36.4869259","3.0446077"
"Blida","Larbaa","35.3545416","6.1410784"
"Blida","Meftah","36.6198845","3.2222298"
"Blida","Mouzaia","36.4674416","2.6879953"
"Blida","Oued Djer","36.4268459","2.5605348"
"Blida","Oued El Alleug","36.5558374","2.7896358"
"Blida","Ouled Slama","36.5534582","3.1153628"
"Blida","Ouled Yaïch","35.8032888","0.971754"
"Blida","Souhane","36.5065702","3.2376389"
"Blida","Soumaa","36.5184909","2.9084853"
"Bouira","Aghbalou","36.427009","4.352646"
"Bouira","Ahl El Ksar","36.2528069","4.0414067"
"Bouira","Ain El Hadjar","36.3402284","3.8095209"
"Bouira","Aïn Laloui","36.3068106","3.750671"
"Bouira","Ain Turk","36.3932061","3.8246043"
"Bouira","Aïn Bessem","36.2929113","3.6735417"
"Bouira","Aït Laaziz","36.4445645","3.8807851"
"Bouira","Aomar","36.492393","3.7711939"
"Bouira","Bechloul","36.312195","4.0749566"
"Bouira","Bir Ghbalou","36.2628812","3.5850113"
"Bouira","Bordj Oukhris","36.0932471","3.9107303"
"Bouira","Bouderbala","36.5808208","3.5099986"
"Bouira","Bouira","36.2316481","3.9082579"
"Bouira","Boukram","36.5416035","3.3971591"
"Bouira","Chorfa","35.4306621","-0.2462883"
"Bouira","Dechmia","36.1304762","3.5765765"
"Bouira","Dirah","36.0022631","3.7215177"
"Bouira","Djebahia","36.4768208","3.758111"
"Bouira","El Adjiba","36.3293456","4.1586858"
"Bouira","El Asnam","36.3212726","4.0130501"
"Bouira","El Hachimia","36.2225033","3.8142848"
"Bouira","El Khabouzia","36.309078","3.5971679"
"Bouira","El Hakimia","36.0907338","3.7936351"
"Bouira","El Mokrani","36.4244079","3.6121625"
"Bouira","Guerrouma","36.4326797","3.4277272"
"Bouira","Hadjera Zergua","35.947624","3.8225334"
"Bouira","Haizer","36.3979925","3.9994448"
"Bouira","Ahnif","36.3347997","4.2617798"
"Bouira","Kadiria","36.5354385","3.6788401"
"Bouira","Lakhdaria","36.5644827","3.5967523"
"Bouira","M'Chedallah","36.3646864","4.2711718"
"Bouira","Maala","36.4943805","3.5892339"
"Bouira","Mamora","36.0331234","3.5514666"
"Bouira","Mezdour","36.0680635","4.056265"
"Bouira","Oued El Bardi","36.2885851","3.9180743"
"Bouira","Ouled Rached","36.203503","4.1167725"
"Bouira","Raouraoua","36.2362601","3.6463352"
"Bouira","Ridane","36.0738879","3.4620784"
"Bouira","Saharidj","36.3974847","4.2482336"
"Bouira","Souk El Khemis","36.3912273","3.631778"
"Bouira","Sour El Ghozlane","36.147376","3.691797"
"Bouira","Taghzout","33.4754769","6.7998514"
"Bouira","Taguedit","36.0192193","3.9898176"
"Bouira","Ath Mansour","36.3278259","4.3172601"
"Bouira","Zbarbar","36.4726655","3.513905"
"Tamanrasset","Abalessa","22.8895834","4.8469931"
"Tamanrasset","Moulay Lahcene","24.7085076","4.6512481"
"Tamanrasset","Idles","23.8204317","5.935768"
"Tamanrasset","Tamanrasset","24.3753438","4.3208436"
"Tamanrasset","Tazrouk","23.4196225","6.2658907"
"Tamanrasset","Tinzaouten","19.9541906","2.9694782"
"Tebessa","Ain Zerga","35.6480159","8.2603257"
"Tebessa","Bedjene","35.3493304","7.4715565"
"Tebessa","Bekkaria","35.3746584","8.2407034"
"Tebessa","Bir Dheb","35.5245771","7.9395054"
"Tebessa","Bir Mokkadem","35.3704032","7.8085014"
"Tebessa","Bir El Ater","34.7441882","8.0584012"
"Tebessa","Boukhadra","35.7449518","8.0346837"
"Tebessa","Boulhaf Dir","35.4883881","8.0696888"
"Tebessa","Cheria","35.2706778","7.7527115"
"Tebessa","El Kouif","35.500823","8.321967"
"Tebessa","El Ma Labiodh","35.2060924","8.1719694"
"Tebessa","El Meridj","35.7933758","8.2292549"
"Tebessa","El Mezeraa","35.2627644","7.5767868"
"Tebessa","El Ogla","33.2465995","6.9460807"
"Tebessa","Ogla Melha","35.1331931","8.0066489"
"Tebessa","El Aouinet","35.8932925","3.035866"
"Tebessa","El Houidjbet","35.2930512","8.2801524"
"Tebessa","Ferkane","34.5554155","7.4130616"
"Tebessa","Guorriguer","35.4235462","7.5940784"
"Tebessa","Hammamet","36.8128133","2.9738147"
"Tebessa","Morsott","35.6717654","8.0102728"
"Tebessa","Negrine","34.4855133","7.5219594"
"Tebessa","Ouenza","35.9445854","8.1369011"
"Tebessa","Oum Ali","35.0113285","8.3007443"
"Tebessa","Safsaf El Ouesra","34.9564825","8.2071255"
"Tebessa","Stah Guentis","34.9987136","7.3078332"
"Tebessa","Tébessa","35.124945","7.9011735"
"Tebessa","Tlidjene","35.1182583","7.768359"
"Tlemcen","Aïn Fetah","34.9655836","-1.6375286"
"Tlemcen","Aïn Fezza","34.8780405","-1.2348586"
"Tlemcen","Ain Ghoraba","34.7137838","-1.3890968"
"Tlemcen","Aïn El Kebira","36.3648446","5.5069356"
"Tlemcen","Ain Nahala","35.026972","-0.9324604"
"Tlemcen","Aïn Tallout","34.9299907","-0.9542742"
"Tlemcen","Aïn Youcef","35.0472865","-1.3739319"
"Tlemcen","Amieur","35.0351556","-1.2389953"
"Tlemcen","Bab El Assa","34.9661057","-2.0317999"
"Tlemcen","Beni Bahdel","34.6937442","-1.5187011"
"Tlemcen","Beni Boussaid","34.6480251","-1.7529879"
"Tlemcen","Beni khellad","35.18283","-1.5846786"
"Tlemcen","Beni Mester","34.8704485","-1.4210036"
"Tlemcen","Beni Ouarsous","35.091454","-1.5830375"
"Tlemcen","Beni Semiel","34.7851213","-1.0917147"
"Tlemcen","Beni Snous","34.662202","-1.5397782"
"Tlemcen","Bensekrane","35.072063","-1.2273507"
"Tlemcen","Bouhlou","34.7738735","-1.5729461"
"Tlemcen","El Bouihi","34.4138137","-1.6858993"
"Tlemcen","Chetouane","34.9207591","-1.2910642"
"Tlemcen","Dar Yaghmoracen","35.0996229","-1.7995457"
"Tlemcen","Djebala","34.9599088","-1.8212834"
"Tlemcen","Aricha","34.2240422","-1.2576653"
"Tlemcen","AZAIL","34.6806049","-1.4814418"
"Tlemcen","El Fehoul","35.1156547","-1.2947853"
"Tlemcen","El Gor","34.6379987","-1.1532242"
"Tlemcen","Fellaoucene","35.0349898","-1.5991302"
"Tlemcen","Ghazaouet","35.093863","-1.86322"
"Tlemcen","Hammam Boughrara","34.8936813","-1.6382574"
"Tlemcen","Hennaya","34.9506637","-1.3667337"
"Tlemcen","Honaine","35.156476","-1.6745654"
"Tlemcen","Maghnia","34.847199","-1.729658"
"Tlemcen","Mansourah","34.8730025","-1.3296478"
"Tlemcen","Marsa Ben M'Hidi","35.0817992","-2.2043971"
"Tlemcen","Msirda Fouaga","35.0188577","-2.0831565"
"Tlemcen","Nedroma","35.0107602","-1.74805"
"Tlemcen","Oued Lakhdar","34.8749626","-1.1341145"
"Tlemcen","Ouled Mimoun","34.904794","-1.0281674"
"Tlemcen","Ouled Riyah","34.9610292","-1.4980498"
"Tlemcen","Remchi","35.0617268","-1.4318326"
"Tlemcen","Sabra","34.8260248","-1.530335"
"Tlemcen","Sebaa Chioukh","35.1564008","-1.3605746"
"Tlemcen","Sebdou","34.6403022","-1.3220383"
"Tlemcen","Sidi Abdelli","35.0646495","-1.1342872"
"Tlemcen","Sidi Djillali","34.4446804","-1.5662513"
"Tlemcen","Sidi Medjahed","34.7751425","-1.6366325"
"Tlemcen","Souahlia","35.0269936","-1.8970124"
"Tlemcen","Souani","34.9221475","-1.9158423"
"Tlemcen","Souk Tlata ","35.0703531","-2.0013731"
"Tlemcen","Terny Beni Hdiel","34.7960036","-1.356782"
"Tlemcen"," Tienet","35.0453121","-1.8370082"
"Tlemcen","Tlemcen","34.881789","-1.316699"
"Tlemcen","Zenata","34.9894903","-1.4630565"
"Tlemcen","Mansourah","34.8699786","-1.3561512"
"Tlemcen","Mansourah","34.8699786","-1.3561512"
"Tiaret","Aïn Bouchekif","35.3549663","1.5106412"
"Tiaret","Aïn Deheb","34.846403","1.5507838"
"Tiaret","Ain zarit","35.3533903","1.6669943"
"Tiaret","Aïn El Hadid","35.0554796","0.8856345"
"Tiaret","Aïn Kermes","34.9097511","1.1110349"
"Tiaret","Bougara","35.5551256","1.963653"
"Tiaret","Chehaima","34.5446115","1.3907908"
"Tiaret","Dahmouni","35.4167989","1.4746045"
"Tiaret","Djebilet Rosfa","34.8648613","0.8361385"
"Tiaret","Djillali Ben Amar","35.4459222","0.8499086"
"Tiaret","Faidja","35.1027237","1.7055845"
"Tiaret","Frenda","35.0655965","1.0566092"
"Tiaret","Guertoufa","35.3933019","1.2552403"
"Tiaret","Hamadia","35.4584077","1.8723935"
"Tiaret","Ksar Chellala","35.2143453","2.3129403"
"Tiaret","El Madna","36.3728607","5.65548"
"Tiaret","Mahdia","35.4569852","1.741478"
"Tiaret","Mechraa Safa","35.3848636","1.0544339"
"Tiaret","Medrissa","34.8924859","1.2458048"
"Tiaret","Medroussa","35.1830659","1.1552709"
"Tiaret","Meghila","35.5964786","1.4137157"
"Tiaret","Mellakou","35.2380662","1.2807715"
"Tiaret","Nadorah","35.290785","1.8864247"
"Tiaret","Naima","35.0904859","1.4773406"
"Tiaret","Oued Lilli","35.513586","1.2699699"
"Tiaret","Rahouia","35.53032","1.0237833"
"Tiaret","Rechaiga","35.4102295","1.9728437"
"Tiaret","Sebaine","35.4553907","1.6043379"
"Tiaret","Sebt","35.6192337","1.3525749"
"Tiaret","Serghine","35.2543447","2.4856664"
"Tiaret","Si Abdelghani","35.2315778","1.6347966"
"Tiaret","Sidi Abderrahmane","36.4929744","1.0940415"
"Tiaret","Sidi Ali Mellal","35.5621413","1.227165"
"Tiaret","Sidi Bakhti","35.2412775","0.979847"
"Tiaret","Sidi Hosni","35.4702113","1.5215971"
"Tiaret","Sougueur","35.186167","1.496745"
"Tiaret","Tagdempt","35.3754028","1.314537"
"Tiaret","Takhemaret","35.1072931","0.6833572"
"Tiaret","Tiaret","34.8947575","1.5945792"
"Tiaret","Tidda","35.5831209","1.2680732"
"Tiaret","Tousnina","35.1121895","1.2762703"
"Tiaret","Zmalet Emir Abdelkader","34.894093","2.3093354"
"Tizi Ouzou","Abi Youcef","36.5384746","4.3438612"
"Tizi Ouzou","Aghrib","36.8045313","4.3230947"
"Tizi Ouzou","Agouni Gueghrane","36.5144128","4.1134908"
"Tizi Ouzou","Ain El Hammam","36.5704326","4.3111366"
"Tizi Ouzou","Aïn Zaouia","36.5502351","3.8948674"
"Tizi Ouzou","Aït Aggouacha","36.6178136","4.232488"
"Tizi Ouzou","Aït Bouadou","36.5032098","4.0612545"
"Tizi Ouzou","Ait Boumahdi","36.4988813","4.2019993"
"Tizi Ouzou","Aït Khelili","36.6757921","4.30882"
"Tizi Ouzou","Ait Yahia Moussa","36.6379122","3.8862283"
"Tizi Ouzou","Aït Aïssa Mimoun","36.763014","4.1376586"
"Tizi Ouzou","Aït Chafâa","36.825813","4.524227"
"Tizi Ouzou","Aït Mahmoud","36.6101803","4.119514"
"Tizi Ouzou","Aït Oumalou","36.6551698","4.2284389"
"Tizi Ouzou","Ait Toudert","36.5203106","4.1844513"
"Tizi Ouzou","Ait Yahia","36.5992546","4.3434679"
"Tizi Ouzou","Akbil","36.5040238","4.310016"
"Tizi Ouzou","Akerrou","36.807439","4.4421846"
"Tizi Ouzou","Assi Youcef","36.5055421","4.0145154"
"Tizi Ouzou","Azazga","36.744738","4.3716399"
"Tizi Ouzou","Azeffoun","36.8930725","4.4203917"
"Tizi Ouzou","Beni Zmenzer","36.6370642","4.039063"
"Tizi Ouzou","Beni Aïssi","36.6577045","4.0893302"
"Tizi Ouzou","Beni Douala","36.6188796","4.0824933"
"Tizi Ouzou","Beni Yenni","36.5829452","4.1964738"
"Tizi Ouzou","Beni Ziki","36.565846","4.5068005"
"Tizi Ouzou","Boghni","36.5407471","3.9571285"
"Tizi Ouzou","Boudjima","36.8047072","4.14884"
"Tizi Ouzou","Bounouh","36.493265","3.9375656"
"Tizi Ouzou","Bouzguen","36.6179239","4.4761469"
"Tizi Ouzou","Draa Ben Khedda","36.7333317","3.9587692"
"Tizi Ouzou","Draa El Mizan","36.5350648","3.8380358"
"Tizi Ouzou","Freha","36.757399","4.3194454"
"Tizi Ouzou","Frikat","36.5133532","3.8856598"
"Tizi Ouzou","Iboudraren","36.5183288","4.2395413"
"Tizi Ouzou","Idjer","36.673917","4.536323"
"Tizi Ouzou","Iferhounene","36.5341121","4.3693504"
"Tizi Ouzou","Ifigha","36.6714929","4.4137989"
"Tizi Ouzou","Iflissen","36.8722167","4.2221877"
"Tizi Ouzou","Illilten","36.5160617","4.3944151"
"Tizi Ouzou","Iloula Oumalou","36.5649995","4.4487366"
"Tizi Ouzou","Imsouhal","36.5802779","4.3927117"
"Tizi Ouzou","Irdjen","36.6683028","4.1464762"
"Tizi Ouzou","Larbaa Nath Irathen","36.6374918","4.2028466"
"Tizi Ouzou","Mâatkas","36.6107175","3.9701861"
"Tizi Ouzou","Makouda","36.7919734","4.0624221"
"Tizi Ouzou","Mechtras","36.5438917","4.011092"
"Tizi Ouzou","Mekla","36.6876391","4.2681185"
"Tizi Ouzou","Mizrana","36.8447164","4.0962588"
"Tizi Ouzou","Mkira","36.6315675","3.7830006"
"Tizi Ouzou","Ouacif","36.523854","4.2049176"
"Tizi Ouzou","Ouadhias","36.4193166","3.8599924"
"Tizi Ouzou","Ouaguenoun","36.7588492","4.1844109"
"Tizi Ouzou","Sidi Naamane","36.7586177","3.9814233"
"Tizi Ouzou","Souamaa","36.6422876","4.3422178"
"Tizi Ouzou","Souk El Tenine","36.5950832","4.007301"
"Tizi Ouzou","Tadmait","36.7446573","3.9012256"
"Tizi Ouzou","Tigzirt","36.8926614","4.126179"
"Tizi Ouzou","Timizart","36.7978208","4.2461875"
"Tizi Ouzou","Tirmitine","36.6686811","3.9653731"
"Tizi Ouzou","Tizi N'Tleta","36.5460983","4.0576122"
"Tizi Ouzou","Tizi Ghenif","36.5872274","3.7742759"
"Tizi Ouzou","Tizi Ouzou","36.6816175","4.237186"
"Tizi Ouzou","Tizi Rached","36.6789662","4.2086164"
"Tizi Ouzou","Yakouren","36.7346735","4.4396136"
"Tizi Ouzou","Yatafene","36.5519079","4.2557573"
"Tizi Ouzou","Zekri","36.7803397","4.5895193"
"Alger","Ain Benian","36.794666","2.912965"
"Alger","Ain Taya","36.792982","3.288223"
"Alger","Alger Centre","36.770055","3.055515"
"Alger","Bab El Oued","36.79034","3.050299"
"Alger","Bab Ezzouar","36.7215255","3.1808578"
"Alger","Baba Hassen","36.6945292","2.971492"
"Alger","Bachdjarah","36.7230204","3.1078649"
"Alger","Baraki","36.6683624","3.1030581"
"Alger","Ben Aknoun","36.759868","3.01273"
"Alger","Beni Messous","36.7798506","2.9765396"
"Alger","Bir Mourad Rais ","36.7347566","3.036509"
"Alger","Birkhadem","36.7154368","3.0479788"
"Alger","Bir Touta","36.6440317","2.997065"
"Alger","Bologhine","36.8027751","3.0329137"
"Alger","Bordj El Bahri","36.7882304","3.2466183"
"Alger","Bordj EL Kifan","36.7629088","3.2342399"
"Alger","Bourouba","36.7142587","3.1143594"
"Alger","Bouzareah","36.7889994","3.0111866"
"Alger","Casbah","36.7847083","3.0563426"
"Alger","Cheraga","36.7625376","2.9613606"
"Alger","Dar El Beida","36.7060747","3.2022394"
"Alger","Dely Brahim","36.7584995","2.9895885"
"Alger","Djasr Kasentina","36.6971899","3.0766899"
"Alger","Douera","36.6716999","2.9437325"
"Alger","Draria","36.7176056","3.0017172"
"Alger","El Achour","36.7390086","2.9871673"
"Alger","El Biar","36.7671882","3.031297"
"Alger","El Harrach","36.7219537","3.1376396"
"Alger","El Madania","36.74343","3.0642751"
"Alger","El Magharia","36.7312151","3.1099568"
"Alger","El Marsa","36.8107212","3.2377287"
"Alger","El Mouradia","36.7512119","3.0457451"
"Alger","El Hammamet","36.8067906","2.9628472"
"Alger","Herraoua","36.7704526","3.2991496"
"Alger","Hussein Dey","36.7413438","3.0977483"
"Alger","Hydra","36.7428615","3.0257146"
"Alger","Khraissia","36.6687966","2.9920937"
"Alger","Kouba","36.7261263","3.0832848"
"Alger","Eucalyptus","36.6748634","3.1781418"
"Alger","Maalma","36.6808573","2.8780538"
"Alger","Belouizdad","36.7520777","3.0682175"
"Alger","Mohammadia","36.7352126","3.1515365"
"Alger","Oued Koriche","36.786017","3.0429031"
"Alger","Oued Smar","36.7162828","3.1616019"
"Alger","Ouled Chebel","36.6133913","2.9977027"
"Alger","Ouled Fayet","36.7355906","2.9370811"
"Alger","Rahmania","36.6786005","2.9086352"
"Alger","Rais Hamidou","36.8164646","3.0103772"
"Alger","Reghaia","36.7401932","3.3449263"
"Alger","Rouiba ","36.7359951","3.2773255"
"Alger","Saoula","36.6935384","3.0287227"
"Alger","Sidi M'Hamed","36.7640373","3.052289"
"Alger","Sidi Moussa","36.6067315","3.0924465"
"Alger","Souidania","36.7097277","2.9033759"
"Alger","Staoueli","36.7450603","2.8584421"
"Alger","Tessala El Merdja","36.6192349","2.9214551"
"Alger","Zeralda","36.7096512","2.8412246"
"Djelfa","Ain Chouhada","34.2410884","2.5221964"
"Djelfa","Ain El Ibel","34.3550616","3.2238301"
"Djelfa","Ecole kaddache Rabah","35.4313208","3.4614114"
"Djelfa","Aïn Maabed","34.8042072","3.1300421"
"Djelfa","Aïn Oussara","35.4492582","2.9071065"
"Djelfa","Amourah","34.3543114","3.8708648"
"Djelfa","Benhar","35.484908","3.00944"
"Djelfa","Beni Yakoub","36.0254553","4.2339693"
"Djelfa","Birine","35.6350855","3.2272359"
"Djelfa","Bouira Lahdab","35.2437508","3.1439743"
"Djelfa","Charef","34.6270918","2.8059171"
"Djelfa","Dar Chioukh","34.8972924","3.4897249"
"Djelfa","Deldoul","34.2053737","3.2543067"
"Djelfa","Djelfa","34.342841","3.2172531"
"Djelfa","Douis","34.3660796","2.7025089"
"Djelfa","El Guedid","34.6485902","2.6167746"
"Djelfa","El Idrissia","34.4486677","2.5312873"
"Djelfa","El Khemis","35.2889294","2.5956085"
"Djelfa","Feidh El Botma","34.5286598","3.784909"
"Djelfa","Guernini","35.1998234","2.6832462"
"Djelfa","Guettara","33.1616877","4.6848"
"Djelfa","Had Sahary","35.3506602","3.3640573"
"Djelfa","Hassi Bahbah","35.0721457","3.0265016"
"Djelfa","Hassi El Euch","35.1526924","3.2484615"
"Djelfa","Hassi Fedoul","35.4367123","2.2141025"
"Djelfa","Messaad","34.1538348","3.4958059"
"Djelfa","M'Liliha","34.7195744","3.688974"
"Djelfa","Moudjebara","34.5033353","3.4699703"
"Djelfa","Oum Laadham","33.7200204","4.5309925"
"Djelfa","Sed Rahal","33.9488196","3.2254169"
"Djelfa","Selmana","34.1768421","3.6008129"
"Djelfa","Sidi Baizid","35.0579502","3.4304809"
"Djelfa","Sidi Ladjel","35.4381272","2.5157705"
"Djelfa","Tadmit","34.2885352","2.9921017"
"Djelfa","Zaafrane","34.8502549","2.8549624"
"Djelfa","Zaccar","34.4325665","3.3275193"
"Jijel","Bordj Tahar","36.7483018","6.0512774"
"Jijel","Boudria Ben Yadjis","36.5901257","5.7595624"
"Jijel","Bouraoui Belhadef","36.6992926","6.103131"
"Jijel","Boussif Ouled Askeur","36.663596","6.0177536"
"Jijel","Chahna","36.6793738","5.9572034"
"Jijel","Chekfa","36.7712723","5.9612456"
"Jijel","Djemaa Beni Habibi","36.810668","6.1263177"
"Jijel","Djimla","36.5800948","5.8842896"
"Jijel","El Ancer","36.2781877","1.5054697"
"Jijel","El Aouana","36.7716565","5.6114699"
"Jijel","El Kennar Nouchfi","36.8241692","5.96209"
"Jijel","El Milia","36.7514104","6.2744614"
"Jijel","Emir Abdelkader","36.7546904","5.8443228"
"Jijel","Eraguene","36.5864588","5.5812865"
"Jijel","Ghebala","36.62825","6.388218"
"Jijel","Jijel","36.810458","5.771349"
"Jijel","Kaous","36.7701723","5.8136168"
"Jijel","Kheiri Oued Adjoul","36.8577899","6.1573925"
"Jijel","Oudjana","36.7073159","5.8948904"
"Jijel","Ouled Rabah","36.5992597","6.1677345"
"Jijel","Ouled Yahia Khedrouche","36.6907198","6.1901373"
"Jijel","Selma Ben Ziada","36.627165","5.6465791"
"Jijel","Settara","36.7052717","6.3591657"
"Jijel","Sidi Abdelaziz","36.853261","6.051473"
"Jijel","Marouf Larbi","35.1945409","-0.6335319"
"Jijel","Taher","36.7712912","5.897589"
"Jijel","Texenna","36.6605708","5.7909778"
"Jijel","Ziama Mansouriah","36.6721506","5.4808312"
"Setif","Ain Abessa","36.3000482","5.2953337"
"Setif","Ain Arnat","36.1890964","5.3148766"
"Setif","Aïn Azal","35.8173916","5.4918659"
"Setif","Aïn El Kebira","36.3648446","5.5069356"
"Setif","Aïn Lahdjar","35.9404062","5.5408781"
"Setif","Aïn Oulmane","35.9231689","5.2959232"
"Setif","Ain Legradj","36.4111145","4.9033097"
"Setif","Aïn Roua","36.3343734","5.1836626"
"Setif","Aïn Sebt","36.4949511","5.7185575"
"Setif","Aït Nawal M'zada","36.5458685","5.0835695"
"Setif","Aït Tizi","36.5354135","5.1566451"
"Setif","Amoucha","36.3766245","5.4181884"
"Setif","Babor","36.4898622","5.5378293"
"Setif","Bazer Sakra","36.1163229","5.7111139"
"Setif","Beïda Bordj","35.837695","5.6318487"
"Setif","Belaa","36.220694","5.8690571"
"Setif","Beni Chebana","36.4684262","4.8684047"
"Setif","Beni Fouda","36.280316","5.553347"
"Setif","Beni Ouartilane","36.4422585","4.8557425"
"Setif","Beni Hocine","36.259056","5.1123686"
"Setif","Beni Aziz","36.476804","5.6546651"
"Setif","Beni Mouhli","36.5162044","4.9097421"
"Setif","Bir Haddada","35.9618075","5.4581961"
"Setif","Bir El Arch","36.1303925","5.8392064"
"Setif","Bouandas","36.5045875","5.1036159"
"Setif","Bougaa","36.3322264","5.0895897"
"Setif","Bousselam","36.493959","5.0075885"
"Setif","Boutaleb","35.6599645","5.3215529"
"Setif","Dehamcha","36.3835662","5.5924952"
"Setif","Djemila","36.3207427","5.7368073"
"Setif","Draa Kebila","36.4223095","4.9977651"
"Setif","El Eulma","36.1529057","5.6911588"
"Setif","El Ouricia","36.2837674","5.4095661"
"Setif","El Oueldja","36.088243","5.9221989"
"Setif","Guellal","36.0339934","5.3387839"
"Setif","Guelta Zerka","36.20575","5.6799343"
"Setif","Guenzet","36.3372055","4.8239456"
"Setif","Guidjel","36.081278","5.4920263"
"Setif","Hammam Sokhna","35.9767593","5.8083856"
"Setif","Hamma","35.6845243","5.3862787"
"Setif","Hammam Guergour","36.3222697","5.0548526"
"Setif","Harbil","36.3473445","4.9251967"
"Setif","Ksar El Abtal","35.9737047","5.2890497"
"Setif","Maaouia","36.375027","5.7118248"
"Setif","Maoklane","36.396686","5.0769769"
"Setif","Mezloug","36.1074201","5.3371932"
"Setif","Oued El Bared","36.4987475","5.4062315"
"Setif","Ouled Addouane","36.3375879","5.4374755"
"Setif","Ouled Sabor","36.1819425","5.5403857"
"Setif","Ouled Si Ahmed","35.9056975","5.1751389"
"Setif","Ouled Tebben","35.787703","5.0998466"
"Setif","Rasfa","35.8099925","5.2661899"
"Setif","Salah Bey","35.8520786","5.2904883"
"Setif","Serdj el Ghoul","36.5031756","5.6354004"
"Setif","Setif","36.1892751","5.403493"
"Setif","Tachouda","36.267485","5.7400239"
"Setif","Tala Ifacene","36.4543155","5.1174953"
"Setif","Taya","35.9584611","5.9675897"
"Setif","Tella","36.00827","5.7188856"
"Setif","Tizi N'Bechar","36.4314881","5.3598983"
"Saida","Ain El Hadjar","36.3402284","3.8095209"
"Saida","Aïn Skhouna","34.5054288","0.8490051"
"Saida","Aïn Soltane","36.2483226","2.2973227"
"Saida","Doui Thabet","34.8934623","-0.0752179"
"Saida","el-Hassasna","35.273896","-0.9892456"
"Saida","Hounet","35.118267","-0.1487685"
"Saida","Mamora","36.0331234","3.5514666"
"Saida","Moulay Larbi","34.6478952","0.015639"
"Saida","Ouled Brahim","36.2437886","2.9350635"
"Saida","Ouled Khaled","34.8753492","0.1531651"
"Saida","Saïda","34.743349","0.2440764"
"Saida","Sidi Ahmed","34.5495218","0.2592484"
"Saida","Sidi Amar","36.5424676","2.3058921"
"Saida","Sidi Boubekeur","35.0285832","0.0577939"
"Saida","Tircine","34.9022391","0.5551413"
"Saida","Youb","34.921672","-0.208054"
"Skikda","Ain Bouziane","36.5982377","6.7510492"
"Skikda","Ain Charchar","36.7331778","7.2219657"
"Skikda","Ain Kechra","36.801318","6.4610872"
"Skikda","Ain Zouit","36.8892336","6.7861234"
"Skikda","Azzaba","36.7409382","7.1083637"
"Skikda","Bekkouche Lakhdar","36.6939025","7.3105409"
"Skikda","ben azzouz","36.8600024","7.2917539"
"Skikda","Beni Bechir","36.774669","6.9376557"
"Skikda","Beni Oulbane","36.626026","6.6400608"
"Skikda","Beni Zid","36.9124122","6.4762934"
"Skikda","Bin El Ouiden","36.8081951","6.5668371"
"Skikda"," Bouchetata","36.3975766","5.388012"
"Skikda","Cheraia","37.0017763","6.5133033"
"Skikda","Collo","37.0032596","6.5520738"
"Skikda","Djendel Saadi Mohamed","36.7792138","7.1724216"
"Skikda","El Harrouch","36.6514052","6.8360907"
"Skikda","El Ghedir","36.687176","6.9771347"
"Skikda","El Hadaik","36.8252292","6.8890251"
"Skikda","El Marsa","36.8091281","3.2546039"
"Skikda","Emdjez Edchich","36.7051396","6.8043312"
"Skikda","Es Sebt","36.6626464","7.0789293"
"Skikda","Filfila","36.8976496","7.0548176"
"Skikda","Hamadi krouma","36.8616736","6.9294224"
"Skikda","Kanoua","37.0370973","6.4065537"
"Skikda","Kerkera","36.9304439","6.5842202"
"Skikda","Kheneg Mayoum","37.0090418","6.2844786"
"Skikda","Oued Zehour","36.9267502","6.3158927"
"Skikda","Ouldja Boulballout","36.7874067","6.3730027"
"Skikda","Ouled Attia","36.9949643","6.3424894"
"Skikda","Ouled Hbaba","36.5037216","6.9583356"
"Skikda","Oum Toub","36.6889594","6.5758595"
"Skikda","Ramdane Djamel","36.755281","6.8931785"
"Skikda","Salah Bouchaour","36.7044252","6.8563693"
"Skikda","Sidi Mezghiche","36.6782798","6.7218765"
"Skikda","Skikda","36.7545115","6.8856255"
"Skikda","Tamalous","36.8361791","6.6427952"
"Skikda","Zerdaza","36.597632","6.8977391"
"Skikda","Zitouna","36.9888886","6.4592299"
"Sidi Bel Abbes","Aïn El Berd","35.3671349","-0.5120201"
"Sidi Bel Abbes","Aïn Kada","35.136963","-0.855253"
"Sidi Bel Abbes","Aïn Thrid","35.292834","-0.6747741"
"Sidi Bel Abbes","Aïn Tindamine","34.6886678","-0.7205278"
"Sidi Bel Abbes","Aïn Adden","35.3292477","-0.2598628"
"Sidi Bel Abbes","Amarnas","35.0992366","-0.6115103"
"Sidi Bel Abbes","Badredine El Mokrani","35.0096082","-0.8503262"
"Sidi Bel Abbes","Belarbi","35.1516315","-0.4572217"
"Sidi Bel Abbes","Ben Badis","34.9525879","-0.9165478"
"Sidi Bel Abbes","Benachiba Chelia","34.9631365","-0.5637303"
"Sidi Bel Abbes","Bir El Hammam","34.4185366","-0.4995517"
"Sidi Bel Abbes","Boudjebaa El Bordj","35.352307","-0.32418"
"Sidi Bel Abbes","Boukhanafis","35.0654075","-0.7231252"
"Sidi Bel Abbes","Chettouane Belaila","34.9522557","-0.8359357"
"Sidi Bel Abbes","Dhaya","34.6751729","-0.6207708"
"Sidi Bel Abbes","El Hassaiba","34.6999542","-0.7616745"
"Sidi Bel Abbes","Hassi Dahou","35.0709721","-0.5445942"
"Sidi Bel Abbes","Hassi Zahana","35.0256882","-0.8889946"
"Sidi Bel Abbes","Lamtar","35.0713025","-0.7994003"
"Sidi Bel Abbes","Makedra","35.4405925","-0.430481"
"Sidi Bel Abbes","Marhoum","34.4461692","-0.1946242"
"Sidi Bel Abbes","M'Cid","35.1388894","-0.2460847"
"Sidi Bel Abbes","Merine","34.7804163","-0.4511968"
"Sidi Bel Abbes","Mezaourou","35.0006208","-1.9027416"
"Sidi Bel Abbes","Mostefa Ben Brahim","35.1912096","-0.3582163"
"Sidi Bel Abbes","Moulay Slissen","34.822067","-0.7637702"
"Sidi Bel Abbes","Oued Sebaa","34.5854841","-0.7069504"
"Sidi Bel Abbes","Oued Sefioun","35.0667195","-0.3574097"
"Sidi Bel Abbes","Oued Taourira","34.6191233","-0.3379739"
"Sidi Bel Abbes","Ras El Ma","34.5009186","-0.7850292"
"Sidi Bel Abbes","Redjem Demouche","34.4271075","-0.8097742"
"Sidi Bel Abbes","Sehala Thaoura","35.2009626","-0.8322201"
"Sidi Bel Abbes","Sfisef","35.2355377","-0.2426616"
"Sidi Bel Abbes","Sidi Ali Benyoub","34.94681","-0.7195938"
"Sidi Bel Abbes","Sidi Ali Boussidi","35.1032403","-0.832234"
"Sidi Bel Abbes","Sidi Bel Abbes","34.682268","-0.4357555"
"Sidi Bel Abbes","Sidi Brahim","35.260678","-0.567467"
"Sidi Bel Abbes","Sidi Chaib","34.592923","-0.5467777"
"Sidi Bel Abbes","Sidi Daho De Zairs","35.1174072","-0.9096859"
"Sidi Bel Abbes","Sidi Hamadouche","36.3069598","1.9751208"
"Sidi Bel Abbes","Sidi Khaled","34.3915907","5.0005177"
"Sidi Bel Abbes","Sidi Lahcene","35.1651869","-0.6944968"
"Sidi Bel Abbes","Sidi Yacoub","35.1359102","-0.7844083"
"Sidi Bel Abbes","Tabia","35.0185617","-0.7356603"
"Sidi Bel Abbes","Taoudmout","34.5871595","-0.1101204"
"Sidi Bel Abbes","Tafissour","34.6930838","-0.2009292"
"Sidi Bel Abbes","Teghalimet","34.8871286","-0.5499177"
"Sidi Bel Abbes","Telagh","34.7797863","-0.5715147"
"Sidi Bel Abbes","Tenira","35.0199515","-0.5300619"
"Sidi Bel Abbes","Tessala","35.2434637","-0.7725438"
"Sidi Bel Abbes","Tilmouni","35.1749015","-0.5477752"
"Sidi Bel Abbes","Zerouala","35.2416128","-0.5219765"
"Annaba","Ain Berda","36.6505266","7.5913268"
"Annaba","Annaba","36.8982165","7.7549272"
"Annaba","Berrahal","36.8353153","7.4597229"
"Annaba","Chetaibi","37.0650385","7.379979"
"Annaba","Cheurfa","36.7211099","7.5558838"
"Annaba","El Bouni","36.8548275","7.7413708"
"Annaba","Eulma","36.1529057","5.6911588"
"Annaba","El Hadjar","36.8039598","7.7371328"
"Annaba","Oued El Aneb","36.8809358","7.4892009"
"Annaba","Seraidi","36.9115192","7.6752692"
"Annaba","Sidi Amar","36.5424676","2.3058921"
"Annaba","Treat","36.8978997","7.4275222"
"Guelma","Ain Ben Beida","36.615568","7.6957538"
"Guelma","Ain Larbi","36.2645652","7.396279"
"Guelma","Ain Makhlouf","36.2427266","7.2491244"
"Guelma","Ain Regada","36.2605777","7.0745477"
"Guelma","Ain Sandel","36.2430823","7.5132309"
"Guelma","Belkheir","36.4634182","7.4763788"
"Guelma","Ben Djerrah","36.4300648","7.3662459"
"Guelma","Beni Mezline","36.480427","7.6041179"
"Guelma","Bordj Sabat","36.4018393","7.0456039"
"Guelma","Bouhachana","36.3065299","7.5089254"
"Guelma","Bouhamdane","36.4637898","7.112547"
"Guelma","Bouati Mahmoud","36.5910241","7.3278775"
"Guelma","Boucheghouf","36.4704821","7.7290561"
"Guelma","Boumahra Ahmed","36.4604068","7.5143095"
"Guelma","Dahouara","36.351438","7.7331215"
"Guelma","Djebala Khemissi","36.4640001","7.5696141"
"Guelma","El Fedjoudj","36.5042115","7.4013726"
"Guelma","Guelaat Bou Sbaa","36.5464868","7.4738525"
"Guelma","Guelma","36.3491635","7.409499"
"Guelma","Hammam Debagh","36.4602654","7.2676947"
"Guelma","Hammam Nbail","36.3255156","7.640326"
"Guelma","Heliopolis","36.5306234","7.4348224"
"Guelma","Nechmaya","36.6111841","7.5132917"
"Guelma","Khezara","36.3681295","7.5278729"
"Guelma","Medjez Amar","36.4454517","7.3126782"
"Guelma","Medjez Sfa","36.4330511","7.7839301"
"Guelma","Houari Boumedienne","36.1692559","6.165897"
"Guelma","Oued Cheham","36.3789251","7.7650648"
"Guelma","Oued Fragha","36.5565735","7.7148083"
"Guelma","Oued Zenati","36.3130761","7.164528"
"Guelma","Ras El Agba","36.3737207","7.2234313"
"Guelma","Roknia","36.547749","7.2307191"
"Guelma","Selloua Anouna","36.3867677","7.250702"
"Guelma","Tamlouka","36.1592954","7.1399798"
"Constantine","Aïn Abid","36.2489875","6.9419888"
"Constantine","Aïn Smara","36.266467","6.4969576"
"Constantine","Ben Badis","34.9525879","-0.9165478"
"Constantine","Beni Hamidene","36.5069941","6.5489049"
"Constantine","Constantine","36.364519","6.60826"
"Constantine","Didouche Mourad","36.1659824","6.1677023"
"Constantine","El Khroub","36.2603681","6.6970014"
"Constantine","Hamma Bouziane","36.4248981","6.6008903"
"Constantine","Ibn Ziad","36.3829267","6.4720589"
"Constantine","Messaoud Boudjriou","36.4255439","6.472258"
"Constantine","Ouled Rahmoun","36.1788485","6.701422"
"Constantine","Zighoud Youcef","36.5327005","6.7091586"
"Medea","Aïn Boucif","35.8354145","3.1577821"
"Medea","Aïn Ouksir","35.8536954","3.4698518"
"Medea","El Aïssaouia","36.4192489","3.2148733"
"Medea","Aziz","35.8239347","2.4517089"
"Medea","Baata","36.3458351","3.1102247"
"Medea","Benchicao","36.2001615","2.8526038"
"Medea","Beni Slimane","36.230723","3.3104153"
"Medea","Berrouaghia","36.1352805","2.9172738"
"Medea","Bir Ben Abed","36.1925121","3.4197517"
"Medea","Boghar","35.910616","2.7173772"
"Medea","Bouaiche","35.5538128","2.358512"
"Medea","Bouaichoune","36.1465322","2.6613294"
"Medea","Bouchrahil","36.2531365","3.1558039"
"Medea","Boughezoul","35.7030326","2.8431693"
"Medea","Bousekene","36.1911397","3.2365411"
"Medea","Chahbounia","35.5415407","2.6037738"
"Medea","Chelalat El Adhoura","35.9396178","3.4140092"
"Medea","Cheniguel","35.9234302","3.5668505"
"Medea","Derrag","35.9079962","2.3881316"
"Medea","Djouab","36.1376161","3.4264841"
"Medea","Draa Esmar","36.2749286","2.7183445"
"Medea","El Azizia","36.2872185","3.4945428"
"Medea","El Guelb Kebir","36.2556406","3.4168521"
"Medea","El Hamdania","36.3620816","2.767105"
"Medea","Deux Bassins","36.4694702","3.2994088"
"Medea","El Omaria","36.2671619","3.0270877"
"Medea","El Aouinet","35.8932925","3.035866"
"Medea","Hannacha","36.1895198","2.5666083"
"Medea","Kef Lakhdar","35.9516783","3.299887"
"Medea","Khams Djouamaa","36.1582642","3.1405208"
"Medea","Ksar El Boukhari","35.8758381","2.7484133"
"Medea","Meghraoua","36.3513782","3.5345936"
"Medea","Médéa","35.9752045","3.0123504"
"Medea","Moudjbar","35.951996","2.8222098"
"Medea","Mezerana","36.3602788","3.3589456"
"Medea","Mefatha","35.8833487","2.9363668"
"Medea","Mihoub","36.3515006","3.4754829"
"Medea","Ouamri","36.2321878","2.5656189"
"Medea","Oued Harbil","36.5371238","1.755045"
"Medea","Ouled Antar","35.9461818","2.6009942"
"Medea","Ouled Bouachra","36.1019093","2.7121868"
"Medea","Ouled Brahim","36.2437886","2.9350635"
"Medea","Ouled Deide","36.112135","3.0142787"
"Medea","Ouled Maaref","35.8156097","3.0336045"
"Medea","Ouled Hellal","35.9668362","2.531823"
"Medea","Oum El Djalil","35.8276529","2.6239093"
"Medea","Ouzera","36.2526315","2.8466043"
"Medea","sidi errabia","36.0278906","3.1381565"
"Medea","Saneg","35.8513982","2.8390673"
"Medea","Sedraia","36.2427468","3.5287095"
"Medea","Seghouane","36.0008943","2.905162"
"Medea","Si Mahdjoub","36.1613133","2.7215517"
"Medea","Sidi Damed","35.8706851","3.2547826"
"Medea","Sidi Naamane","36.7586177","3.9814233"
"Medea","sidi rabie","36.7668022","2.9465979"
"Medea","Sidi Zahar","36.0663761","3.3326983"
"Medea","Sidi Ziane","36.0353418","3.2499783"
"Medea","Souagui","36.1255019","3.265101"
"Medea","Tablat","36.4127653","3.3097893"
"Medea","Tafraout","35.9721175","3.3527874"
"Medea","Tamesguida","36.3223888","2.6895235"
"Medea","Tizi Mahdi","36.2029612","2.7754465"
"Medea","Tlatet Eddouair","35.9805903","2.9637406"
"Medea","Zoubiria","36.0697903","2.9044757"
"Mostaganem","Achaacha","36.2445994","0.6355803"
"Mostaganem","Ain Boudinar","36.0088805","0.1885883"
"Mostaganem","Ain Nouissy","35.8037574","0.0444501"
"Mostaganem","Ain Sidi Cherif","35.8333915","0.1242288"
"Mostaganem","Ain Tedles","35.9990969","0.294879"
"Mostaganem","Abdelmalek Ramdane","36.1052802","0.2734995"
"Mostaganem","Bouguirat","35.7502319","0.2566146"
"Mostaganem","Fornaka","35.7519675","-0.0167043"
"Mostaganem","El Hadjadj","36.0154871","1.3771856"
"Mostaganem","Hassi Mameche","35.8607135","0.0734609"
"Mostaganem","El Hassiane","35.753521","0.1203463"
"Mostaganem","Khadra","36.2541082","0.5747888"
"Mostaganem","Kheireddine","35.9811156","0.1684521"
"Mostaganem","Mansourah","34.8730025","-1.3296478"
"Mostaganem","Mazagran","35.8964789","0.0729531"
"Mostaganem","Mesra","35.8372794","0.1693314"
"Mostaganem","Mostaganem","36.0026915","0.3686867"
"Mostaganem","Nekmaria","36.1824103","0.6240313"
"Mostaganem","Oued El Kheir","35.9505981","0.3827433"
"Mostaganem","Ouled Boughalem","36.3189929","0.6693715"
"Mostaganem","Ouled Maaleh","36.0082339","0.5931818"
"Mostaganem","Safsaf","35.8439772","0.3790103"
"Mostaganem","Sayada","35.9509663","0.13103"
"Mostaganem","Sidi Ali","36.0997945","0.4206226"
"Mostaganem","Sidi Belattar","36.0261372","0.2738849"
"Mostaganem","Sidi Lakhdar","36.2656357","2.1617628"
"Mostaganem","Sirat","35.7791368","0.1896639"
"Mostaganem","Souaflia","35.86123","0.3321468"
"Mostaganem","Sour","35.9994004","0.3381689"
"Mostaganem","Stidia","35.8329584","-0.0035725"
"Mostaganem","Tazgait","36.0945236","0.5498837"
"Mostaganem"," blad Touahria","35.8106097","0.2109301"
"Msila","Ain El Hadjel","35.6179388","3.8654197"
"Msila","Ain El Melh","34.8470491","4.1634964"
"Msila","Aïn Fares","35.4813571","0.24453"
"Msila","Ain Khadra","35.5452659","4.9354504"
"Msila","Aïn Errich","34.6789584","4.0956662"
"Msila","Belaiba","35.527774","5.1546938"
"Msila","Ben Srour","34.991345","4.5550981"
"Msila","Beni Ilmene","35.9483559","4.1197605"
"Msila","Benzouh","35.4240333","4.0262896"
"Msila","Berhoum","35.654979","5.0344441"
"Msila","Bir Foda","34.8214333","3.7605054"
"Msila","Bou Saada","35.2133123","4.1809702"
"Msila","Bouti Sayah","35.6411261","3.6930562"
"Msila","Chellal","35.5186792","4.3860919"
"Msila","Dehahna","35.7324908","5.0109298"
"Msila","Djebel Messaad","34.9930304","4.0907504"
"Msila","El Hamel","35.1308796","4.0879174"
"Msila","El Houamed","35.167244","4.5596132"
"Msila","Hammam Dhalaa","35.9280639","4.374637"
"Msila","Khettouti Sed El Djir","35.6304682","4.1774991"
"Msila","Khoubana","35.3393724","4.5684702"
"Msila","Maadid","35.7974467","4.7564949"
"Msila","Maarif","35.5924492","-0.233804"
"Msila","Magra","35.6163647","5.1014147"
"Msila","M'Cif","35.3260684","4.792145"
"Msila","Medjedel","35.1467087","3.6793899"
"Msila","Menaa District","35.0926941","6.013753"
"Msila","Mohamed Boudiaf","34.8991073","4.4297754"
"Msila","M'Sila","35.1300205","4.2003107"
"Msila","M'Tarfa","35.6888728","4.6525054"
"Msila","Ouanougha","35.9682258","4.1599293"
"Msila","Ouled Addi Guebala","35.6711423","4.878972"
"Msila","Ouled Derradj","35.6721703","4.7876916"
"Msila","Ouled Madhi","35.4901754","4.6041787"
"Msila","Ouled Mansour","35.5375527","5.018738"
"Msila","Ouled Sidi Brahim","35.3510379","4.1387382"
"Msila","Ouled Slimane","34.9270365","4.8569699"
"Msila","Oultem","35.1186463","4.3743574"
"Msila","Sidi Aïssa","35.8838359","3.7803723"
"Msila","Sidi Ameur","35.3814589","3.9068512"
"Msila","Sidi Hadjeres","35.677234","4.0378913"
"Msila","Sidi M'Hamed","36.7644238","3.0496319"
"Msila","Slim","34.8953467","3.7350935"
"Msila","Souamaa","36.6422876","4.3422178"
"Msila","Tamsa","35.1733735","3.9276122"
"Msila","Tarmount","35.8190907","4.2859961"
"Msila","Zerzour","35.0848905","4.8341773"
"Mascara","Aïn Fares","35.4813571","0.24453"
"Mascara","Ain Fekan","35.2246587","-0.0052397"
"Mascara","Ain Ferah","35.382409","0.7830416"
"Mascara","Aïn Fras","35.4813571","0.24453"
"Mascara","Alaimia","35.6739515","-0.2205391"
"Mascara","Aouf","35.0971656","0.3563773"
"Mascara","Beniane","35.0990718","0.2301186"
"Mascara","Bou Henni","35.561548","-0.0885759"
"Mascara","Bouhanifia","35.3151029","-0.0486241"
"Mascara","Chorfa","35.4306621","-0.2462883"
"Mascara","El Bordj","35.5161559","0.2975734"
"Mascara","El Gaada","35.4266234","-0.3129183"
"Mascara","El Ghomri","35.6883106","0.2069806"
"Mascara","El Guettana","35.4084352","-0.0524421"
"Mascara","Hachem","35.3754274","0.4909404"
"Mascara","El Keurt","35.3809268","0.0921516"
"Mascara","Mamounia","35.4247978","0.141363"
"Mascara","El Menaouer","35.528555","0.4340311"
"Mascara","Ferraguig","35.53306","0.15514"
"Mascara","Froha","35.3019892","0.1298954"
"Mascara","Gharrous","35.1248997","0.4464136"
"Mascara","Ghriss","35.2481745","0.1604511"
"Mascara","Guerdjoum","35.1799173","0.0712493"
"Mascara","Hacine","35.4572062","-0.0024555"
"Mascara","Khalouia","35.4618832","0.2976687"
"Mascara","Makdha","35.1721882","0.2972629"
"Mascara","Maoussa","35.3782884","0.2457041"
"Mascara","Mascara","35.3978385","0.2430195"
"Mascara","Matemor","35.3252902","0.213642"
"Mascara","Mocta Douz","35.6059715","-0.0456595"
"Mascara","Mohammadia","35.5892003","0.0670398"
"Mascara","Nesmoth","35.2544674","0.378734"
"Mascara","Oggaz","35.5621748","-0.2588196"
"Mascara","Oued El Abtal","35.4552913","0.687517"
"Mascara","Oued Taria","35.1178344","0.0886967"
"Mascara","Ras Ain Amirouche","35.6242444","-0.2129037"
"Mascara","Sedjerara","35.6299882","0.2132915"
"Mascara","Sehaîlia","35.4470807","0.3951191"
"Mascara","Sidi Abdeldjebar","35.4424207","0.5246833"
"Mascara","Sidi Abdelmoumen","35.6528372","0.0137958"
"Mascara","Sidi Boussaid","35.2906012","0.2971085"
"Mascara","Sidi Kada","35.3330973","0.3421545"
"Mascara","Sig","35.5305119","-0.1906822"
"Mascara","Tighennif","35.4143144","0.3292328"
"Mascara","Tizi","35.3161396","0.0739093"
"Mascara","Zahana","35.517616","-0.410225"
"Mascara","Zelmata","35.2910738","0.4762221"
"Ouargla","Aïn Beïda","35.7952839","7.3894346"
"Ouargla","El Borma","31.5948858","9.1635246"
"Ouargla","Hassi Ben Abdellah","32.0253808","5.469246"
"Ouargla","Hassi Messaoud","31.6957444","6.0604297"
"Ouargla","N'Goussa","32.1347902","5.315217"
"Ouargla","Ouargla","30.9980145","6.7664536"
"Ouargla","Rouissat","31.9239554","5.3498372"
"Ouargla","Sidi Khouiled","31.9786887","5.4190448"
"Oran","Aïn El Bia","35.8133273","-0.2871248"
"Oran","Ain El Kerma","35.6434497","-0.9765427"
"Oran","Ain Turk","36.3932061","3.8246043"
"Oran","Arzew","35.856348","-0.313678"
"Oran","Ben Freha","35.6937209","-0.4186546"
"Oran","Bethioua","35.805837","-0.267936"
"Oran","Bir El Djir","35.719874","-0.5675118"
"Oran","Boufatis","35.6791406","-0.4117684"
"Oran","Bousfer","35.7012331","-0.8103918"
"Oran","Boutlelis","35.5729399","-0.8998452"
"Oran","el ancer","35.6848518","-0.8699583"
"Oran","El Braya","35.6291461","-0.5191909"
"Oran","El Kerma","35.6186807","-0.5798446"
"Oran","Es Senia","35.6500999","-0.6241804"
"Oran","Gdyel","35.782484","-0.4241977"
"Oran","Hassi Ben Okba","35.726419","-0.4671047"
"Oran","Hassi Bounif","35.6912811","-0.4979622"
"Oran","Hassi Mefsoukh","35.8006933","-0.3765323"
"Oran","Mersat El Hadjadj","35.7948853","-0.1652125"
"Oran","Mers El Kebir","35.7277218","-0.7085452"
"Oran","Misserghin","35.6179905","-0.7343553"
"Oran","Oran","35.7032751","-0.6492976"
"Oran","Oued Tlelat","35.5519239","-0.4522604"
"Oran","Sidi BenYebka","35.8292874","-0.3934316"
"Oran","Sidi Chami","35.6579939","-0.5220152"
"Oran","Tafraoui","35.4830526","-0.5271427"
"El Bayadh","Arbaouat","33.0882649","0.5812401"
"El Bayadh","Boualem","33.7281417","1.5345064"
"El Bayadh","Bougtob","34.0405202","0.087067"
"El Bayadh","Brezina","33.0984038","1.2571394"
"El Bayadh","Cheguig","34.0856989","1.1484752"
"El Bayadh","Chellala","36.1070587","5.4328228"
"El Bayadh","El Bayadh","32.570303","1.1259581"
"El Bayadh","ELbnoud","32.3096365","0.2450916"
"El Bayadh","El Kheiter","34.1489752","0.0675861"
"El Bayadh","El Mehara","33.3131942","0.3645784"
"El Bayadh","Ghassoul","33.3765868","1.2038386"
"El Bayadh","Kef el Ahmar","33.8504062","0.6332841"
"El Bayadh","Kraakda","33.3211117","0.9596477"
"El Bayadh","Rogassa","34.0182474","0.9262211"
"El Bayadh","Sidi Tifour","33.7205714","1.6871133"
"El Bayadh","Stitten","33.7563995","1.2241683"
"Illizi","Bordj Omar Driss","28.1210578","6.820793"
"Illizi","Debdeb","29.966978","9.424233"
"Illizi","Illizi","27.8528505","7.8189636"
"Illizi","In Amenas","28.0386648","9.5761505"
"Bordj Bou Arreridj","Ben daoud","36.0515335","4.1723061"
"Bordj Bou Arreridj","El M'hir","36.1193837","4.3784879"
"Bordj Bou Arreridj","Haraza","36.1554527","4.2252617"
"Bordj Bou Arreridj","Ouled Sidi Brahim","35.3510379","4.1387382"
"Bordj Bou Arreridj","Aïn Taghrout","36.1314213","5.073804"
"Bordj Bou Arreridj","Aïn Tesra","36.0356718","5.0023381"
"Bordj Bou Arreridj","Bordj Bou Arreridj","36.1895875","5.3850285"
"Bordj Bou Arreridj","Belimour","35.9788763","4.8778836"
"Bordj Bou Arreridj","Bir Kasdali","36.1459099","5.0251351"
"Bordj Bou Arreridj","Bordj Ghedir","35.8991893","4.899182"
"Bordj Bou Arreridj","Bordj Zemoura","36.2677309","4.8411698"
"Bordj Bou Arreridj","Colla","36.2592711","4.6589437"
"Bordj Bou Arreridj","Djaafra","36.2922781","4.6628724"
"Bordj Bou Arreridj","El Euch","35.9474282","4.6873945"
"Bordj Bou Arreridj","El Achir","36.0632388","4.6294961"
"Bordj Bou Arreridj","El Annseur","36.0404413","4.8186386"
"Bordj Bou Arreridj","El Hammadia","35.978204","4.7474799"
"Bordj Bou Arreridj","El Main","36.3718336","4.7373985"
"Bordj Bou Arreridj","Ghilassa","35.8717154","4.9079329"
"Bordj Bou Arreridj","Hasnaoua","36.1526325","4.7967095"
"Bordj Bou Arreridj","Khelil","36.1791715","5.0259934"
"Bordj Bou Arreridj","El Ksour","33.2268183","6.0766056"
"Bordj Bou Arreridj","Medjana","36.1311024","4.669174"
"Bordj Bou Arreridj","Ouled Brahem","35.896618","5.0804017"
"Bordj Bou Arreridj","Ouled Dahmane","36.2214871","4.7701878"
"Bordj Bou Arreridj","Rabta","35.9101108","4.7830133"
"Bordj Bou Arreridj","Ras El Oued","35.9445677","5.0319396"
"Bordj Bou Arreridj","Sidi Embarek","36.1024159","4.9079193"
"Bordj Bou Arreridj","Adrar Tefreg","36.3299203","4.7083533"
"Bordj Bou Arreridj","Taglait","35.7719161","5.0011451"
"Bordj Bou Arreridj","Tassamert","36.2580277","4.8243593"
"Bordj Bou Arreridj","Teniet Ennasr","36.2312373","4.6016536"
"Bordj Bou Arreridj","Tixter","36.0467068","5.0820352"
"Boumerdes","Afir","36.8423443","3.9871505"
"Boumerdes","Ammal","36.6333486","3.5913032"
"Boumerdes","Baghlia","36.7959552","3.8675211"
"Boumerdes","Ben Choud","36.8641433","3.8801313"
"Boumerdes","Beni Amrane","36.6678481","3.5918611"
"Boumerdes","Bordj Menaiel","36.7432364","3.7175665"
"Boumerdes","Boudouaou","36.727203","3.408382"
"Boumerdes","Boudouaou El Bahri","36.7721989","3.4044018"
"Boumerdes","Boumerdes","36.7358032","3.6163046"
"Boumerdes","Bouzegza Keddara","36.6250914","3.4807733"
"Boumerdes","Chaabet El Ameur","36.6344133","3.6790599"
"Boumerdes","Corso","36.7547423","3.4433833"
"Boumerdes","Dellys","36.915798","3.913104"
"Boumerdes","Djinet","36.8779905","3.720138"
"Boumerdes","Kharrouba","35.9753974","0.1084743"
"Boumerdes","Hammadi","36.6808826","3.2579838"
"Boumerdes","Isser","36.6935557","3.6915459"
"Boumerdes","Khemis El Khechna","36.6505384","3.3317211"
"Boumerdes","Larbatache","36.6368081","3.3718774"
"Boumerdes","Leghata","36.7478208","3.6847446"
"Boumerdes","Naciria","36.7471933","3.836858"
"Boumerdes","Ouled Aissa","29.4235586","-0.0891357"
"Boumerdes","Ouled Haddadj","36.7100229","3.335038"
"Boumerdes","Ouled Moussa","36.6857409","3.3642924"
"Boumerdes","Si Mustapha","36.7244199","3.6181943"
"Boumerdes","Sidi Daoud","36.8567267","3.8581586"
"Boumerdes","Souk El Had","35.9567316","1.2462755"
"Boumerdes","Taourga","36.7935601","3.9500124"
"Boumerdes","Thenia","36.724986","3.556935"
"Boumerdes","Tidjelabine","36.7321389","3.4956358"
"Boumerdes","Timezrit","36.6155736","4.7683245"
"Boumerdes","Zemmouri","36.7864064","3.6012209"
"El Tarf","Aïn El Assel","36.7865309","8.3825736"
"El Tarf","Ain El Kerma","35.6434497","-0.9765427"
"El Tarf","Asfour","36.7452595","4.1365818"
"El Tarf","Ben M'Hidi","36.7704579","7.9053142"
"El Tarf","Berrihane","36.8376854","8.1257847"
"El Tarf","Besbes","34.1650307","4.9990113"
"El Tarf","Bougous","36.6582252","8.3707314"
"El Tarf","Bouhadjar","36.5034174","8.1060862"
"El Tarf","Bouteldja","36.7855823","8.1990268"
"El Tarf","Chbaita Mokhtar","36.755843","7.7407291"
"El Tarf","Chefia","36.6597886","8.1068702"
"El Tarf","Chihani","36.6473548","7.7780261"
"El Tarf","Drean","36.6851201","7.7470888"
"El Tarf","Echatt","36.8303087","7.8727514"
"El Tarf","El Aioun","36.826658","8.6013044"
"El Tarf","El Kala","36.8953504","8.4420993"
"El Tarf","El Tarf","36.6713563","8.070134"
"El Tarf","Hammam Beni Salah","36.5193221","8.035929"
"El Tarf","Lac des Oiseaux","36.7759247","8.1185433"
"El Tarf","Oued Zitoun","36.4666104","8.0576006"
"El Tarf","Raml Souk","36.7878718","8.5351897"
"El Tarf","Souarekh","36.8823518","8.5660285"
"El Tarf","Zerizer","36.7290901","7.8926834"
"El Tarf","Zitouna","36.9888886","6.4592299"
"Tindouf","Oum el Assel","28.6144725","-6.9804945"
"Tindouf","Tindouf","27.543907","-6.2400539"
"Tissemsilt","Ammari","35.6145964","1.6524176"
"Tissemsilt","Beni Chaib","35.8196752","1.7982027"
"Tissemsilt","Beni Lahcene","35.8130873","1.6894704"
"Tissemsilt","Bordj Bounaama","35.8505025","1.6170851"
"Tissemsilt","Bordj El Emir Abdelkader","35.8222005","2.23692"
"Tissemsilt","Boucaid","35.8902865","1.6184584"
"Tissemsilt","Khemisti","36.625387","2.6797524"
"Tissemsilt","Larbaa","35.3545416","6.1410784"
"Tissemsilt","Lardjem","35.7480295","1.5480772"
"Tissemsilt","Laayoune","35.6952698","1.9974852"
"Tissemsilt","Lazharia","35.9352724","1.5605654"
"Tissemsilt","Maacem","35.6588707","1.5531468"
"Tissemsilt","Melaab","35.7125865","1.3328353"
"Tissemsilt","Ouled Bessam","35.6854025","1.8646423"
"Tissemsilt","Sidi Abed","35.7447621","1.7058743"
"Tissemsilt","Sidi Boutouchent","35.8252662","1.9492713"
"Tissemsilt","Sidi Lantri","35.6936399","1.5032488"
"Tissemsilt","Sidi Slimane","33.2887118","6.0930322"
"Tissemsilt","Tamelaht","33.0090644","6.0098295"
"Tissemsilt","Theniet El Had","35.8739691","2.0240828"
"Tissemsilt","Tissemsilt","35.7858975","1.8340957"
"Tissemsilt","Youssoufia","35.9492376","2.1117736"
"El Oued","Bayadha","33.3278311","6.8885733"
"El Oued","Beni Guecha","34.2057171","7.616508"
"El Oued","Debila","33.5059503","6.9376019"
"El Oued","Douar El Ma","33.3738476","7.6857696"
"El Oued","El Ogla","33.2465995","6.9460807"
"El Oued","El Oued","33.215441","7.1553214"
"El Oued","Guemar","33.4916197","6.7977914"
"El Oued","Hamraia","34.1103311","6.2299381"
"El Oued","Hassani Abdelkrim","33.4771663","6.8948804"
"El Oued","Hassi Khelifa","33.5630338","6.9953023"
"El Oued","Kouinine","33.4037855","6.8264542"
"El Oued","Magrane","33.5625599","6.930939"
"El Oued","Mih Ouensa","33.1995461","6.7096899"
"El Oued","Nekhla","33.2763121","6.9515739"
"El Oued","Oued El Alenda","33.2308061","6.7613731"
"El Oued","Ourmes","33.4044906","6.7790307"
"El Oued","Reguiba","33.5653009","6.7114196"
"El Oued","Robbah","33.2894337","6.9040129"
"El Oued","Sidi Aoun","33.5414102","6.9050537"
"El Oued","Taghzout","33.4754769","6.7998514"
"El Oued","Talib Al Arabi","33.7294949","7.521318"
"El Oued","Trifaoui","33.4238638","6.9361244"
"Khenchela","Ain Touila","35.4422881","7.465187"
"Khenchela","Babar","35.1688559","7.1054786"
"Khenchela","Baghaï","35.5232847","7.1140725"
"Khenchela","Bouhmama","35.3188013","6.7466351"
"Khenchela","Chechar","35.0383313","7.0042609"
"Khenchela","Chelia","36.2439268","6.6812094"
"Khenchela","Djellal","34.9203504","6.8943348"
"Khenchela","El Hamma","35.6845243","5.3862787"
"Khenchela","El Mahmal","35.3751785","7.2115567"
"Khenchela","El Oueldja","36.088243","5.9221989"
"Khenchela","Ensigha","35.3960059","7.1427291"
"Khenchela","Kais","35.4956337","6.9235555"
"Khenchela","Khenchela","34.9133455","6.9059431"
"Khenchela","Khirane","34.9979402","6.7614136"
"Khenchela","M'ssara","36.2920421","2.9445642"
"Khenchela","M'Toussa","35.5990705","7.2458461"
"Khenchela","Ouled Rechache","35.2972988","7.3548369"
"Khenchela","Remila","36.6268183","4.7275343"
"Khenchela","Tamza","35.2514688","6.9973328"
"Khenchela","Taouzient","35.5107604","6.8087111"
"Khenchela","Yabous","35.407649","6.6416748"
"Souk Ahras","Aïn Soltane","36.2483226","2.2973227"
"Souk Ahras","Ain Zana","36.4018987","8.2093288"
"Souk Ahras","Bir Bouhouche","36.0142141","7.4290603"
"Souk Ahras","Drea","36.1222482","7.8838947"
"Souk Ahras","Haddada","36.1842776","8.2724383"
"Souk Ahras","Hanancha","36.2603074","7.7930747"
"Souk Ahras","Kheddara","36.2941847","8.2581363"
"Souk Ahras","Khemissa","36.1948087","7.6514541"
"Souk Ahras","Mechroha ","36.3348865","7.9015494"
"Souk Ahras","M'daourouch","36.0773091","7.8212383"
"Souk Ahras","Merahna","36.1978548","8.1556144"
"Souk Ahras","Oued Kebrit","35.9229948","7.917529"
"Souk Ahras","Ouled Driss","36.3574912","8.0255425"
"Souk Ahras","Ouled Moumen","36.3402803","8.3163387"
"Souk Ahras","Oum El Adhaim","36.0282758","7.6040482"
"Souk Ahras","Ouillen","36.2277726","8.065158"
"Souk Ahras","Ragouba","36.1282719","7.6714933"
"Souk Ahras","Safel El Ouiden","35.9296248","7.4940406"
"Souk Ahras","Sedrata District","36.1467205","7.546656"
"Souk Ahras","Sidi Fredj","36.1530958","8.1952696"
"Souk Ahras","Souk Ahras","36.1378681","7.8262426"
"Souk Ahras","Taoura","36.167061","8.042039"
"Souk Ahras","Terraguelt","35.8842976","7.5980674"
"Souk Ahras","Tiffech","36.1906399","7.7858197"
"Souk Ahras","Zaarouria","36.1920248","7.9579293"
"Souk Ahras","Zouabi","36.122168","7.3983935"
"Tipaza","Aghbal","35.4561795","-0.6186542"
"Tipaza","Ahmar El Aïn","36.5012961","2.5716532"
"Tipaza","Aïn Tagourait","36.6027844","2.6090961"
"Tipaza","Attatba","36.5730416","2.6766452"
"Tipaza","Beni Milleuk","36.4444593","1.7172136"
"Tipaza","Bouharoun","36.6258697","2.6560201"
"Tipaza","Bou Ismaïl","36.642758","2.6899362"
"Tipaza","Bourkika","36.4942993","2.4775236"
"Tipaza","Chaiba","36.8276943","7.7189892"
"Tipaza","Cherchell","36.6075021","2.1901982"
"Tipaza","Damous","36.5487451","1.705542"
"Tipaza","Douaouda","36.6737396","2.7900902"
"Tipaza","Fouka","36.6615638","2.742117"
"Tipaza","Gouraya","36.5718933","1.9059603"
"Tipaza","Hadjout","36.5121198","2.4142888"
"Tipaza","Hadjret Ennous","36.5740991","2.0537607"
"Tipaza","Khemisti","36.625387","2.6797524"
"Tipaza","Kolea","36.6373657","2.769126"
"Tipaza","Larhat","36.5561517","1.8024096"
"Tipaza","Menaceur","36.4939641","2.2439051"
"Tipaza","Merad","36.4763774","2.4272954"
"Tipaza","Messelmoun","36.5626559","2.0022623"
"Tipaza","Nador","36.5693907","2.3935492"
"Tipaza","Sidi Ghiles","36.5833351","2.1224482"
"Tipaza","Sidi Rached","36.5625526","2.5324546"
"Tipaza","Sidi Semiane","36.4998942","2.066288"
"Tipaza","Sidi Amar","36.5424676","2.3058921"
"Tipaza","Tipaza","36.5272742","2.1683687"
"Mila","Ahmed Rachedi","36.3930823","6.1302197"
"Mila","Aïn Beida Harriche","36.3959678","5.8941024"
"Mila","Aïn Mellouk","36.2764609","6.1752861"
"Mila","Aïn Tinn","36.3978508","6.3240868"
"Mila","Amira Arres","36.5379239","6.064516"
"Mila","Benyahia Abderrahmane","36.2158595","6.0103474"
"Mila","Bouhatem","36.3043191","6.0120695"
"Mila","Chelghoum Laïd","36.1605629","6.1673286"
"Mila","Chigara","36.5602361","6.2247181"
"Mila","Derrahi Bousselah","36.3119325","5.9292319"
"Mila","El Ayadi Barbes","36.4357774","5.8197886"
"Mila","El Mechira","36.0144775","6.2388792"
"Mila","Ferdjioua","36.4073812","5.9419603"
"Mila","Grarem Gouga","36.5152648","6.3261322"
"Mila","Hamala","36.571449","6.3391852"
"Mila","Mila","36.2502135","6.1652163"
"Mila","Minar Zarza","36.5344008","5.9115909"
"Mila","oued athmania","36.2469138","6.2931745"
"Mila","Oued Endja","36.4296241","6.1218697"
"Mila","Oued Seguen","36.1811194","6.3883093"
"Mila","Ouled Khellouf","36.0564309","6.1275176"
"Mila","Rouached","36.4581588","6.0391589"
"Mila","Sidi Khelifa","36.349967","6.2997369"
"Mila","Sidi Merouane","36.5396818","1.3400311"
"Mila","Tadjenanet","36.1192994","5.9857948"
"Mila","Tassadane Haddada","36.5016155","5.8787288"
"Mila","Teleghma","36.1180204","6.3581086"
"Mila","Terrai Bainen","36.549944","6.1384689"
"Mila","Tassala Lemtai","36.5693012","5.9884624"
"Mila","Tiberguent","36.4102657","6.041311"
"Mila","Yahia Beni Guecha","36.3907169","5.9940093"
"Mila","Zeghaïa","36.46938","6.17689"
"Ain Defla","Ain Benian","36.7938857","2.9277705"
"Ain Defla","Ain Bouyahia","36.2878137","1.7658713"
"Ain Defla","Aïn Defla","36.1586843","2.0842817"
"Ain Defla","Ain Lechiakh","36.1220983","2.4054963"
"Ain Defla","Aïn Soltane","36.2483226","2.2973227"
"Ain Defla","Ain Torki","36.3327234","2.3025277"
"Ain Defla","Arib","36.2919441","2.0683322"
"Ain Defla","Birbouche","36.1115707","2.4965145"
"Ain Defla","Bathia","35.9159891","1.8400969"
"Ain Defla","Belaas","35.9825995","1.8510081"
"Ain Defla","Ben Allel","36.311118","2.1639492"
"Ain Defla","Bir Ouled Khelifa","36.1807064","2.2276595"
"Ain Defla","Bordj Emir Khaled","36.1200332","2.2045088"
"Ain Defla","Boumedfaa","36.3700317","2.4732963"
"Ain Defla","Bourached","36.16983","1.9321167"
"Ain Defla","Djelida","36.2027341","2.0795157"
"Ain Defla","Djemaa Ouled Cheikh","36.0770321","2.0045972"
"Ain Defla","Djendel","36.2192263","2.4153796"
"Ain Defla","El Abadia","36.2750279","1.6854432"
"Ain Defla","El Amra","36.3050171","1.8482739"
"Ain Defla","El Attaf","36.2244328","1.6725159"
"Ain Defla","El Maine","36.0507861","1.7574583"
"Ain Defla","Hammam Righa","36.3827173","2.4009305"
"Ain Defla","El Hassania","35.9468655","1.9168514"
"Ain Defla","Hoceinia","36.3099757","2.397241"
"Ain Defla","Khemis Milana","36.2601716","2.2196633"
"Ain Defla","Mekhatria","36.3025793","1.9597495"
"Ain Defla","Miliana","36.3047698","2.226821"
"Ain Defla","oued chorfa","36.1655491","2.5546056"
"Ain Defla","Oued El Djemaa","35.7959797","0.6816434"
"Ain Defla","Rouina","36.2448216","1.8055909"
"Ain Defla","Sidi Lakhdar","36.2656357","2.1617628"
"Ain Defla","Tacheta Zoughagha","36.3751106","1.6134371"
"Ain Defla","Tarik Ibn Ziad","35.9886074","2.1444273"
"Ain Defla","Tiberkanine","36.1746084","1.6274197"
"Ain Defla","Zeddine","36.1562103","1.8201697"
"Naama","Ain Ben Khelil","33.287927","-0.762427"
"Naama","Ain Sefra","32.7568151","-0.577859"
"Naama","Assela","32.9999816","-0.0748682"
"Naama","Djeniene Bourezg","32.3725656","-0.8044918"
"Naama","El Biod","33.7636135","-0.1306774"
"Naama","Kasdir","33.7094366","-1.358688"
"Naama","Makman Ben Ammar","33.7192324","-0.7272317"
"Naama","Mecheria","33.5428415","-0.2750524"
"Naama","Moghrar","32.5149231","-0.5761147"
"Naama","Naâma","33.2336851","-0.8151958"
"Naama","Sfissifa","32.7274215","-0.860422"
"Naama","Tiout","32.7750253","-0.4136828"
"Ain Temouchent","Aghlal","35.2010513","-1.0689876"
"Ain Temouchent","Ain El Arbaa","35.4058264","-0.8811572"
"Ain Temouchent","Ain Kihal","35.1972618","-1.2005876"
"Ain Temouchent","Ain Temouchent","35.3650471","-0.9452807"
"Ain Temouchent","Ain Tolba","36.1036508","7.5831726"
"Ain Temouchent","Aoubellil","35.135659","-0.9929416"
"Ain Temouchent","Beni Saf","35.3025458","-1.382036"
"Ain Temouchent","Bouzedjar","35.5802687","-1.14895"
"Ain Temouchent","Chaabet El Leham","35.3367018","-1.1020618"
"Ain Temouchent","Chentouf","35.3043747","-1.0291377"
"Ain Temouchent","El Amria","35.5248267","-1.0145245"
"Ain Temouchent","Maleh","35.5292053","5.4748821"
"Ain Temouchent","El Messaid","35.5432729","-1.121375"
"Ain Temouchent","Emir Abdelkader","36.7546904","5.8443228"
"Ain Temouchent","Hammam Bou Hadjar","35.3790296","-0.9711585"
"Ain Temouchent","Hassasna","35.273896","-0.9892456"
"Ain Temouchent","Hassi El Ghella","35.4548282","-1.0546776"
"Ain Temouchent","Oued Berkeche","35.2198549","-0.9846761"
"Ain Temouchent","Oued Sebbah","35.3748771","-0.8102028"
"Ain Temouchent","Ouled Boudjemaa","35.4718663","-1.1926145"
"Ain Temouchent","Ouled Kihal","35.3685532","-1.2348973"
"Ain Temouchent","Oulhaça El Gheraba","35.2332708","-1.505403"
"Ain Temouchent","Sidi Ben Adda","35.3042768","-1.1815248"
"Ain Temouchent","Sidi Boumediene","35.353319","-0.8934586"
"Ain Temouchent","Sidi Safi","35.279924","-1.3137781"
"Ain Temouchent","Tamzoura","35.4111211","-0.6582825"
"Ain Temouchent","Terga","35.4181247","-1.1795794"
"Tlemcen","Hassi Fehal","31.605285","3.6742627"
"Ghardaia","Berrihane","36.8376854","8.1257847"
"Ghardaia","Bounoura","32.4856037","3.7049786"
"Ghardaia","Dhayet Bendhahoua","32.5348228","3.6082436"
"Ghardaia","El Atteuf","32.476746","3.7471239"
"Ghardaia","El Menia","30.7071885","3.0480625"
"Ghardaia","Ghardaia","32.440827","3.5618209"
"Ghardaia","El Guerrara","32.7694359","4.5605514"
"Ghardaia","Hassi Gara","30.5574275","2.8984311"
"Ghardaia","Metlili","32.2605169","3.6259116"
"Ghardaia","Sebseb","32.1674106","3.587195"
"Ghardaia","Zelfana","32.3936629","4.2268033"
"Relizane","Ain Rahma","35.6237721","0.393045"
"Relizane","Ain Tarik","35.781388","1.1302226"
"Relizane","Ammi Moussa","35.8702048","1.1081265"
"Relizane","Belassel Bouzegza","35.8211586","0.4905896"
"Relizane","Bendaoud","35.7191834","0.5198795"
"Relizane","Beni Dergoun","35.7933416","0.801238"
"Relizane","Beni Zentis","36.1115307","0.6639245"
"Relizane","dar ben abdellah","36.837233","6.6349437"
"Relizane","Djidiouia","35.9336395","0.8266576"
"Relizane","El Hassi","35.7804724","5.9503611"
"Relizane","El Hamadna","35.9062679","0.7761842"
"Relizane","El Oueldja","36.088243","5.9221989"
"Relizane","El Guettar","36.0879043","0.8168474"
"Relizane","El Matmar","35.7309261","0.4611475"
"Relizane","Had Echkalla","35.6805929","1.1375791"
"Relizane","Hamri","36.0188911","0.6895328"
"Relizane","Kalaa","35.5817849","0.3285197"
"Relizane","Lahlef","35.8932512","0.9795402"
"Relizane","Mazouna","36.1262742","0.8801926"
"Relizane","Mediouna","36.1246927","0.7483582"
"Relizane","Mendes","35.6507899","0.8644816"
"Relizane","Merdja Sidi Abed","36.0017883","1.0074682"
"Relizane","Ouarizane","36.0444332","0.8959531"
"Relizane","Oued El Djemaa","35.7959797","0.6816434"
"Relizane","Oued Essalem","35.5798979","0.9252497"
"Relizane","Oued Rhiou","35.9607535","0.9180664"
"Relizane","Ouled Yaïch","35.8032888","0.971754"
"Relizane","Ouled Sidi Mihoub","35.9738265","0.6927849"
"Relizane","Ramka","35.8669131","1.2836132"
"Relizane","Relizane","35.8363185","0.9118537"
"Relizane","Sidi Khettab","35.9105034","0.5113687"
"Relizane","Sidi Lazreg","35.6459245","0.7790301"
"Relizane","Sidi M'Hamed Ben Ali","36.1433373","0.8442389"
"Relizane","Sidi M'Hamed Benaouda","35.6032636","0.5903252"
"Relizane","Sidi Saada","35.675994","0.3414394"
"Relizane","Souk El Had","35.9567316","1.2462755"
"Relizane","Yellel","35.7217352","0.3571077"
"Relizane","Zemmoura","36.2544936","4.8466147"
"Timimoun","Aougrout","28.7074429","0.3406103"
"Timimoun","Charouine","29.0186064","-0.2585993"
"Timimoun","Deldoul","34.2053737","3.2543067"
"Timimoun","Ksar Kaddour","29.578491","0.3739728"
"Timimoun","Metarfa","28.5890013","-0.1499377"
"Timimoun","Ouled Aissa","29.4235586","-0.0891357"
"Timimoun","Ouled Said","36.2562598","5.4436309"
"Timimoun","Talmine","29.3296013","-0.4986259"
"Timimoun","Timimoune","30.0244725","0.8485979"
"Timimoun","Tinerkouk","30.461939","1.3611996"
"Bordj Badji Mokhtar","Bordj Badji Mokhtar","22.6261461","0.1275817"
"Bordj Badji Mokhtar","Timiaouine","20.4339578","1.8101265"
"Ouled Djellal","Besbes","34.1650307","4.9990113"
"Ouled Djellal","Chaiba","36.8276943","7.7189892"
"Ouled Djellal","Daoussen","34.5975449","5.1029298"
"Ouled Djellal","Ouled Djellal","34.104904","4.8203009"
"Ouled Djellal","Ras El Miaad","34.1742626","4.4691596"
"Ouled Djellal","Sidi Khaled","34.3915907","5.0005177"
"Beni Abbes","Beni Abbes","29.083202","-2.659006"
"Beni Abbes","Beni Ikhlef","29.575025","-1.6096867"
"Beni Abbes","Al Wata","29.8608014","-1.8496314"
"Beni Abbes","Igli","30.4528493","-2.2908264"
"Beni Abbes","Kerzaz","29.4516146","-1.4165298"
"Beni Abbes","Ksabi","29.1270304","-0.9856597"
"Beni Abbes","Ouled Khoudir","29.2565086","-1.0596458"
"Beni Abbes","Tamtert","29.9091728","-1.8894569"
"Beni Abbes","Timmoudi","29.321336","-1.1288101"
"In Salah","Ain Salah","36.1911092","6.3281981"
"In Salah","Foggaret Ezzaouia","27.3587307","2.8488652"
"In Salah","In Ghar","27.1018319","1.9065264"
"In Guezzam","Ain Guezzam","19.5558922","5.7733494"
"Touggourt","Benaceur","33.1105213","6.4421107"
"Touggourt","Blidet Amor","32.9417127","5.9744271"
"Touggourt","El Allia","32.6971008","5.4258631"
"Touggourt","El Hadjira","32.6130464","5.5152002"
"Touggourt","Magarine","33.1930214","6.0932032"
"Touggourt","M'Naguer","33.1267306","6.3527057"
"Touggourt","Nezla","33.0960188","6.0630525"
"Touggourt","Sidi Slimane","33.2887118","6.0930322"
"Touggourt","Taibet","33.0829494","6.399809"
"Touggourt","Tebesbest","33.115308","6.0818339"
"Touggourt","Tamacine","33.0104035","6.012687"
"Touggourt","Touggourt","32.9825197","6.2354432"
"Touggourt","Zaouia El Abidia","33.1328718","6.082352"
"Djanet","Bordj El Haouas","24.8785596","8.4429548"
"Djanet","Djanet","24.071521","9.6155847"
"El Mghair","Djamaa","33.5304325","5.9892386"
"El Mghair","El M'Ghair","33.95807","5.7011262"
"El Mghair","M'Rara","33.4762319","5.6606773"
"El Mghair","Oum Touyour","34.1523583","5.8337623"
"El Mghair","Sidi Amrane","33.4972965","6.0111235"
"El Mghair","Sidi Khellil","33.8381103","5.9603994"
"El Mghair","Still","34.2592487","5.9150387"
"El Mghair","Tendla","33.6734168","6.0331753"